lst,variant,class,pixels,share,km2,lst_mean,lst_median,lst_p10,lst_p90
lst_hot_all,anchor,C1,4361.0,0.0069,3.92,44.67,45.28,41.01,47.19
lst_hot_all,anchor,C2,242124.0,0.3804,217.91,44.75,44.8,43.29,46.2
lst_hot_all,anchor,C11,300653.0,0.4724,270.59,47.11,47.43,44.93,48.78
lst_hot_all,anchor,C12,313.0,0.0005,0.28,39.08,38.92,36.17,42.04
lst_hot_all,anchor,C3,6535.0,0.0103,5.88,45.05,45.63,41.44,47.37
lst_hot_all,anchor,C4,41753.0,0.0656,37.58,45.55,45.69,43.54,47.37
lst_hot_all,anchor,C5,0.0,0.0,0.0,,,,
lst_hot_all,anchor,C6,321.0,0.0005,0.29,45.6,45.8,43.83,47.3
lst_hot_all,anchor,C7,6704.0,0.0105,6.03,45.83,46.03,43.67,47.66
lst_hot_all,anchor,C8,0.0,0.0,0.0,,,,
lst_hot_all,anchor,C9,606.0,0.001,0.55,45.65,45.96,43.67,47.52
lst_hot_all,anchor,C10,7435.0,0.0117,6.69,46.12,46.4,43.88,47.93
lst_hot_all,anchor,unassigned,25678.0,0.0403,23.11,45.88,46.24,43.46,47.82
lst_hot_all,anchor,unassigned_strict_reading,,0.103,,,,,
lst_hot_all,anchor,share_urban,,0.4447,,,,,
lst_hot_all,anchor,share_bare,,0.0199,,,,,
lst_hot_all,anchor,share_vegetation,,0.5344,,,,,
lst_hot_all,anchor,share_water,,0.001,,,,,
lst_hot_all,sahel,C1,219453.0,0.3448,197.51,47.39,47.65,45.61,48.83
lst_hot_all,sahel,C2,242124.0,0.3804,217.91,44.75,44.8,43.29,46.2
lst_hot_all,sahel,C11,41037.0,0.0645,36.93,45.85,46.27,42.73,48.18
lst_hot_all,sahel,C12,313.0,0.0005,0.28,39.08,38.92,36.17,42.04
lst_hot_all,sahel,C3,46585.0,0.0732,41.93,46.5,46.86,44.28,48.32
lst_hot_all,sahel,C4,41753.0,0.0656,37.58,45.55,45.69,43.54,47.37
lst_hot_all,sahel,C5,0.0,0.0,0.0,,,,
lst_hot_all,sahel,C6,926.0,0.0015,0.83,46.05,46.21,44.3,47.64
lst_hot_all,sahel,C7,4552.0,0.0072,4.1,45.41,45.62,43.3,47.23
lst_hot_all,sahel,C8,0.0,0.0,0.0,,,,
lst_hot_all,sahel,C9,1290.0,0.002,1.16,45.88,46.14,43.92,47.61
lst_hot_all,sahel,C10,3718.0,0.0058,3.35,45.48,45.7,43.22,47.33
lst_hot_all,sahel,unassigned,34732.0,0.0546,31.26,45.98,46.31,43.44,48.02
lst_hot_all,sahel,unassigned_strict_reading,,0.1521,,,,,
lst_hot_all,sahel,share_urban,,0.4447,,,,,
lst_hot_all,sahel,share_bare,,0.4179,,,,,
lst_hot_all,sahel,share_vegetation,,0.1364,,,,,
lst_hot_all,sahel,share_water,,0.001,,,,,
