lst,variant,group,cells_of_9,pixels,lst_mean,lst_median
lst_hot_all,anchor,urban,0,315631,47.0,47.37
lst_hot_all,anchor,urban,1,10769,46.12,46.38
lst_hot_all,anchor,urban,2,8298,46.08,46.32
lst_hot_all,anchor,urban,3,10517,45.94,46.16
lst_hot_all,anchor,urban,4,7391,45.79,45.98
lst_hot_all,anchor,urban,5,7437,45.75,45.93
lst_hot_all,anchor,urban,6,10925,45.67,45.83
lst_hot_all,anchor,urban,7,9959,45.47,45.61
lst_hot_all,anchor,urban,8,13432,45.39,45.52
lst_hot_all,anchor,urban,9,242124,44.75,44.8
lst_hot_all,anchor,bare,0,609240,46.02,46.05
lst_hot_all,anchor,bare,1,6978,45.49,45.75
lst_hot_all,anchor,bare,2,3902,45.46,45.74
lst_hot_all,anchor,bare,3,3398,45.36,45.74
lst_hot_all,anchor,bare,4,2069,45.28,45.69
lst_hot_all,anchor,bare,5,1815,45.17,45.67
lst_hot_all,anchor,bare,6,2024,45.14,45.71
lst_hot_all,anchor,bare,7,1344,44.99,45.61
lst_hot_all,anchor,bare,8,1352,44.81,45.53
lst_hot_all,anchor,bare,9,4361,44.67,45.28
lst_hot_all,anchor,vegetation,0,254710,44.75,44.82
lst_hot_all,anchor,vegetation,1,13239,45.38,45.57
lst_hot_all,anchor,vegetation,2,10005,45.46,45.66
lst_hot_all,anchor,vegetation,3,11203,45.65,45.87
lst_hot_all,anchor,vegetation,4,7837,45.7,45.98
lst_hot_all,anchor,vegetation,5,7666,45.77,46.02
lst_hot_all,anchor,vegetation,6,10964,45.9,46.17
lst_hot_all,anchor,vegetation,7,8780,46.05,46.37
lst_hot_all,anchor,vegetation,8,11426,46.09,46.42
lst_hot_all,anchor,vegetation,9,300653,47.11,47.43
lst_hot_all,anchor,water,0,635312,46.0,46.03
lst_hot_all,anchor,water,1,212,41.28,41.11
lst_hot_all,anchor,water,2,144,41.23,41.04
lst_hot_all,anchor,water,3,158,41.19,41.48
lst_hot_all,anchor,water,4,66,40.66,40.34
lst_hot_all,anchor,water,5,64,40.48,40.28
lst_hot_all,anchor,water,6,98,40.42,40.1
lst_hot_all,anchor,water,7,53,40.32,40.07
lst_hot_all,anchor,water,8,63,40.08,39.89
lst_hot_all,anchor,water,9,313,39.08,38.92
lst_hot_all,sahel,urban,0,315631,47.0,47.37
lst_hot_all,sahel,urban,1,10769,46.12,46.38
lst_hot_all,sahel,urban,2,8298,46.08,46.32
lst_hot_all,sahel,urban,3,10517,45.94,46.16
lst_hot_all,sahel,urban,4,7391,45.79,45.98
lst_hot_all,sahel,urban,5,7437,45.75,45.93
lst_hot_all,sahel,urban,6,10925,45.67,45.83
lst_hot_all,sahel,urban,7,9959,45.47,45.61
lst_hot_all,sahel,urban,8,13432,45.39,45.52
lst_hot_all,sahel,urban,9,242124,44.75,44.8
lst_hot_all,sahel,bare,0,323708,44.95,44.95
lst_hot_all,sahel,bare,1,14880,45.93,46.16
lst_hot_all,sahel,bare,2,10561,46.04,46.3
lst_hot_all,sahel,bare,3,12555,46.21,46.52
lst_hot_all,sahel,bare,4,8741,46.27,46.6
lst_hot_all,sahel,bare,5,8587,46.3,46.63
lst_hot_all,sahel,bare,6,12865,46.41,46.78
lst_hot_all,sahel,bare,7,11156,46.57,46.92
lst_hot_all,sahel,bare,8,13977,46.65,47.02
lst_hot_all,sahel,bare,9,219453,47.39,47.65
lst_hot_all,sahel,vegetation,0,486394,46.01,45.94
lst_hot_all,sahel,vegetation,1,24080,46.0,46.21
lst_hot_all,sahel,vegetation,2,17114,45.98,46.19
lst_hot_all,sahel,vegetation,3,16734,45.94,46.17
lst_hot_all,sahel,vegetation,4,10770,45.91,46.17
lst_hot_all,sahel,vegetation,5,9842,45.91,46.19
lst_hot_all,sahel,vegetation,6,12172,45.92,46.17
lst_hot_all,sahel,vegetation,7,8617,45.9,46.18
lst_hot_all,sahel,vegetation,8,9723,45.88,46.17
lst_hot_all,sahel,vegetation,9,41037,45.85,46.27
lst_hot_all,sahel,water,0,635312,46.0,46.03
lst_hot_all,sahel,water,1,212,41.28,41.11
lst_hot_all,sahel,water,2,144,41.23,41.04
lst_hot_all,sahel,water,3,158,41.19,41.48
lst_hot_all,sahel,water,4,66,40.66,40.34
lst_hot_all,sahel,water,5,64,40.48,40.28
lst_hot_all,sahel,water,6,98,40.42,40.1
lst_hot_all,sahel,water,7,53,40.32,40.07
lst_hot_all,sahel,water,8,63,40.08,39.89
lst_hot_all,sahel,water,9,313,39.08,38.92
