season,year,lga,lst_mean,lst_median
hot,2015,Nassarawa,45.53,45.55
hot,2015,Fagge,46.01,46.05
hot,2015,Tarauni,44.68,44.6
hot,2015,Kano Municipal,43.74,44.24
hot,2015,Ungogo,46.71,47.21
hot,2015,Kumbotso,43.77,44.02
hot,2015,Dala,45.32,45.44
hot,2015,Gwale,42.36,42.19
hot,2016,Nassarawa,44.51,44.55
hot,2016,Fagge,45.29,44.88
hot,2016,Tarauni,43.57,43.49
hot,2016,Kano Municipal,42.43,42.56
hot,2016,Ungogo,45.81,46.07
hot,2016,Kumbotso,44.4,44.44
hot,2016,Dala,43.45,43.42
hot,2016,Gwale,42.05,42.11
hot,2017,Nassarawa,44.65,44.7
hot,2017,Fagge,45.54,45.25
hot,2017,Tarauni,43.91,43.92
hot,2017,Kano Municipal,44.25,44.32
hot,2017,Ungogo,47.24,47.69
hot,2017,Kumbotso,45.87,46.15
hot,2017,Dala,44.6,44.49
hot,2017,Gwale,44.86,44.79
hot,2018,Nassarawa,41.81,41.69
hot,2018,Fagge,42.56,42.34
hot,2018,Tarauni,41.35,41.38
hot,2018,Kano Municipal,41.01,41.27
hot,2018,Ungogo,44.05,44.31
hot,2018,Kumbotso,42.53,42.75
hot,2018,Dala,42.15,42.05
hot,2018,Gwale,41.87,41.84
hot,2019,Nassarawa,47.06,47.1
hot,2019,Fagge,47.61,47.84
hot,2019,Tarauni,46.17,46.18
hot,2019,Kano Municipal,45.82,46.22
hot,2019,Ungogo,47.02,46.93
hot,2019,Kumbotso,45.9,45.39
hot,2019,Dala,48.1,48.1
hot,2019,Gwale,47.12,47.27
hot,2020,Nassarawa,47.91,47.8
hot,2020,Fagge,51.02,50.78
hot,2020,Tarauni,47.97,47.98
hot,2020,Kano Municipal,48.41,48.72
hot,2020,Ungogo,52.38,52.79
hot,2020,Kumbotso,50.71,50.99
hot,2020,Dala,50.18,50.2
hot,2020,Gwale,49.97,49.97
hot,2021,Nassarawa,44.92,45.01
hot,2021,Fagge,45.25,45.16
hot,2021,Tarauni,44.71,44.73
hot,2021,Kano Municipal,43.37,43.61
hot,2021,Ungogo,46.83,47.24
hot,2021,Kumbotso,45.48,45.8
hot,2021,Dala,44.4,44.43
hot,2021,Gwale,43.61,43.5
hot,2022,Nassarawa,40.69,40.69
hot,2022,Fagge,40.63,40.37
hot,2022,Tarauni,42.6,42.56
hot,2022,Kano Municipal,41.05,41.1
hot,2022,Ungogo,42.41,42.65
hot,2022,Kumbotso,42.29,42.33
hot,2022,Dala,40.03,40.06
hot,2022,Gwale,39.6,39.55
hot,2023,Nassarawa,49.43,49.58
hot,2023,Fagge,50.73,50.51
hot,2023,Tarauni,49.72,49.59
hot,2023,Kano Municipal,48.61,48.91
hot,2023,Ungogo,51.65,51.85
hot,2023,Kumbotso,50.51,50.8
hot,2023,Dala,50.1,50.11
hot,2023,Gwale,49.08,49.09
hot,2024,Nassarawa,49.25,49.26
hot,2024,Fagge,50.86,50.35
hot,2024,Tarauni,48.8,48.63
hot,2024,Kano Municipal,48.55,48.79
hot,2024,Ungogo,52.08,52.55
hot,2024,Kumbotso,50.44,50.67
hot,2024,Dala,49.73,49.82
hot,2024,Gwale,48.63,48.61
hot,2025,Nassarawa,47.25,47.35
hot,2025,Fagge,47.82,47.81
hot,2025,Tarauni,47.28,47.23
hot,2025,Kano Municipal,46.76,46.95
hot,2025,Ungogo,48.79,49.05
hot,2025,Kumbotso,47.64,47.89
hot,2025,Dala,47.81,47.79
hot,2025,Gwale,46.86,46.86
hot,2026,Nassarawa,42.86,42.87
hot,2026,Fagge,43.43,42.95
hot,2026,Tarauni,43.04,42.94
hot,2026,Kano Municipal,42.56,42.56
hot,2026,Ungogo,44.32,44.62
hot,2026,Kumbotso,43.51,43.63
hot,2026,Dala,42.85,42.89
hot,2026,Gwale,42.57,42.55
