id,date,city_median,ring_median,city_minus_ring,fringe_minus_core
LC08_L2SP_188052_20150306_02_T1,2015-03-06,42.32,43.17,-0.84,1.86
LC08_L2SP_188052_20150423_02_T1,2015-04-23,45.31,46.93,-1.62,0.39
LC08_L2SP_188052_20150525_02_T1,2015-05-25,47.66,47.98,-0.32,1.98
LC08_L2SP_188052_20160409_02_T1,2016-04-09,52.24,53.09,-0.85,1.93
LC08_L2SP_188052_20160425_02_T1,2016-04-25,44.56,45.0,-0.44,1.39
LC08_L2SP_188052_20160527_02_T1,2016-05-27,38.85,40.14,-1.3,0.58
LC08_L2SP_188052_20170311_02_T1,2017-03-11,39.97,41.07,-1.1,1.85
LC08_L2SP_188052_20170327_02_T1,2017-03-27,45.16,46.19,-1.03,1.85
LC08_L2SP_188052_20170428_02_T1,2017-04-28,47.5,49.28,-1.77,1.88
LC08_L2SP_188052_20170514_02_T1,2017-05-14,49.4,49.99,-0.59,1.62
LC08_L2SP_188052_20180314_02_T1,2018-03-14,44.38,45.98,-1.6,1.51
LC08_L2SP_188052_20180501_02_T1,2018-05-01,41.49,41.43,0.05,1.41
LC08_L2SP_188052_20190402_02_T1,2019-04-02,49.96,51.31,-1.35,2.09
LC08_L2SP_188052_20190418_02_T1,2019-04-18,42.56,42.83,-0.27,1.32
LC08_L2SP_188052_20190504_02_T1,2019-05-04,46.73,42.4,4.32,-1.25
LC08_L2SP_188052_20200506_02_T1,2020-05-06,51.0,53.21,-2.21,2.39
LC08_L2SP_188052_20210306_02_T1,2021-03-06,42.54,44.04,-1.5,1.75
LC08_L2SP_188052_20210525_02_T1,2021-05-25,48.93,51.09,-2.16,1.67
LC09_L2SP_188052_20220301_02_T1,2022-03-01,40.86,42.64,-1.78,1.88
LC08_L2SP_188052_20220309_02_T1,2022-03-09,40.48,43.38,-2.9,1.01
LC08_L2SP_188052_20220410_02_T1,2022-04-10,44.47,45.29,-0.82,1.37
LC09_L2SP_188052_20230304_02_T1,2023-03-04,45.26,46.86,-1.6,1.76
LC09_L2SP_188052_20230405_02_T1,2023-04-05,50.82,52.92,-2.1,1.75
LC09_L2SP_188052_20230507_02_T1,2023-05-07,51.36,52.2,-0.84,1.15
LC09_L2SP_188052_20240306_02_T1,2024-03-06,49.28,51.62,-2.34,1.93
LC08_L2SP_188052_20240330_02_T1,2024-03-30,52.18,54.07,-1.89,1.93
LC08_L2SP_188052_20240415_02_T1,2024-04-15,51.7,54.2,-2.51,1.98
LC09_L2SP_188052_20240525_02_T1,2024-05-25,47.93,50.32,-2.4,-0.19
LC08_L2SP_188052_20250301_02_T1,2025-03-01,41.47,43.34,-1.87,1.15
LC08_L2SP_188052_20250317_02_T1,2025-03-17,47.49,49.48,-1.99,1.19
LC09_L2SP_188052_20250325_02_T1,2025-03-25,46.65,48.46,-1.81,1.39
LC08_L2SP_188052_20250418_02_T1,2025-04-18,51.01,53.58,-2.57,2.45
LC09_L2SP_188052_20250512_02_T1,2025-05-12,49.81,51.3,-1.49,1.63
LC09_L2SP_188052_20250528_02_T1,2025-05-28,48.37,46.64,1.73,0.15
LC08_L2SP_188052_20260304_02_T1,2026-03-04,37.06,38.56,-1.5,1.2
LC09_L2SP_188052_20260312_02_T1,2026-03-12,42.95,44.48,-1.53,1.22
LC08_L2SP_188052_20260320_02_T1,2026-03-20,43.33,44.92,-1.59,0.93
LC09_L2SP_188052_20260328_02_T1,2026-03-28,50.45,51.54,-1.09,0.31
LC09_L2SP_188052_20260413_02_T1,2026-04-13,49.68,52.17,-2.49,2.35
LC08_L2SP_188052_20260507_02_T1,2026-05-07,43.31,44.45,-1.15,0.91
