season,year,outline_mean,outline_median,outline_sd,ring_mean,ring_median,suhi_median,core_mean,fringe_mean,fringe_minus_core,hot_spot_c,cold_spot_c,valid_inside
hot,2015,45.14,45.08,2.39,44.96,45.41,-0.33,44.68,45.34,0.66,49.93,40.36,1.0
hot,2016,44.74,44.56,2.29,44.41,44.88,-0.32,43.76,45.15,1.39,49.31,40.16,1.0
hot,2017,46.04,46.17,2.1,46.54,47.6,-1.43,44.74,46.6,1.86,50.25,41.84,1.0
hot,2018,42.9,42.9,1.84,43.16,43.73,-0.83,41.88,43.34,1.47,46.57,39.23,0.9998
hot,2019,46.66,46.66,2.68,44.87,45.08,1.58,47.04,46.5,-0.54,52.01,41.31,0.9997
hot,2020,50.89,51.0,2.69,51.9,53.21,-2.21,49.21,51.6,2.39,56.27,45.5,1.0
hot,2021,45.7,45.73,2.21,46.79,47.54,-1.81,44.51,46.21,1.7,50.12,41.27,1.0
hot,2022,41.85,41.84,2.51,43.2,43.59,-1.74,40.68,42.35,1.67,46.88,36.83,1.0
hot,2023,50.68,50.64,2.31,50.65,51.67,-1.03,49.64,51.12,1.48,55.29,46.07,1.0
hot,2024,50.73,50.55,2.47,51.84,52.88,-2.33,49.37,51.32,1.95,55.68,45.78,1.0
hot,2025,47.96,48.01,1.94,48.36,49.19,-1.18,47.29,48.25,0.96,51.84,44.09,1.0
hot,2026,43.63,43.49,1.67,44.29,45.0,-1.52,42.91,43.94,1.03,46.98,40.29,1.0
