season,overpass,composites,city_minus_ring_median,city_cooler_share,fringe_minus_core_median,fringe_hotter_share,city_median,ring_median
harmattan,Terra 10:30,179,0.04,0.436,-0.19,0.246,32.3,32.4
harmattan,Aqua 13:30,182,-0.4,0.753,0.18,0.67,37.7,38.2
harmattan,Terra 22:30,170,1.9,0.0,-2.01,0.0,17.0,15.2
harmattan,Aqua 01:30,144,1.88,0.007,-2.44,0.0,14.5,12.4
hot,Terra 10:30,131,-0.33,0.74,0.07,0.519,38.4,38.5
hot,Aqua 13:30,125,-0.38,0.736,0.26,0.688,44.0,44.5
hot,Terra 22:30,125,1.39,0.048,-1.7,0.008,23.1,21.5
hot,Aqua 01:30,109,1.14,0.092,-1.8,0.009,20.6,19.3
transition,Terra 10:30,30,1.51,0.033,-2.65,0.0,35.4,33.3
transition,Aqua 13:30,33,1.44,0.0,-2.62,0.0,38.2,35.8
transition,Terra 22:30,29,1.08,0.0,-1.89,0.0,21.5,20.1
transition,Aqua 01:30,28,1.17,0.0,-1.98,0.0,19.0,17.8
wet,Terra 10:30,98,1.49,0.061,-3.01,0.041,32.4,30.8
wet,Aqua 13:30,84,1.31,0.131,-2.58,0.119,36.1,34.2
wet,Terra 22:30,113,0.1,0.31,-0.52,0.124,22.8,22.6
wet,Aqua 01:30,74,0.1,0.338,-0.4,0.135,21.7,21.7
