tag,sample,model,term,coef,r,r2,n,p,vif,moran_I_resid,moran_p
hot_2015,points_1000,bivariate,NDVI,,0.005,0.0,1000,,,,
hot_2015,points_1000,bivariate,NDBI,,0.272,0.074,1000,,,,
hot_2015,points_1000,bivariate,MNDWI,,-0.352,0.124,1000,,,,
hot_2015,points_1000,bivariate,BSI,,0.336,0.113,1000,,,,
hot_2015,points_1000,multivariate,const,39.769,,0.248,1000,5.023663084155657e-181,,0.674,0.001
hot_2015,points_1000,multivariate,NDVI,-59.149,,0.248,1000,2.390694714103125e-18,22.28,0.674,0.001
hot_2015,points_1000,multivariate,NDBI,-47.129,,0.248,1000,1.337030483028416e-12,14.57,0.674,0.001
hot_2015,points_1000,multivariate,MNDWI,-57.24,,0.248,1000,1.1067428255571597e-23,24.94,0.674,0.001
hot_2015,points_1000,multivariate,BSI,-9.108,,0.248,1000,0.4494199195400831,31.11,0.674,0.001
hot_2015,all_pixels,bivariate,NDVI,,0.054,0.003,636483,,,,
hot_2015,all_pixels,bivariate,NDBI,,0.259,0.067,636483,,,,
hot_2015,all_pixels,bivariate,MNDWI,,-0.373,0.139,636483,,,,
hot_2015,all_pixels,bivariate,BSI,,0.322,0.104,636483,,,,
hot_2015,all_pixels,multivariate,const,39.424,,0.25,636483,0.0,,,
hot_2015,all_pixels,multivariate,NDVI,-57.929,,0.25,636483,0.0,21.5,,
hot_2015,all_pixels,multivariate,NDBI,-48.044,,0.25,636483,0.0,13.33,,
hot_2015,all_pixels,multivariate,MNDWI,-57.406,,0.25,636483,0.0,24.45,,
hot_2015,all_pixels,multivariate,BSI,-8.256,,0.25,636483,1.240571765100316e-76,25.71,,
hot_2016,points_1000,bivariate,NDVI,,-0.004,0.0,1000,,,,
hot_2016,points_1000,bivariate,NDBI,,0.429,0.184,1000,,,,
hot_2016,points_1000,bivariate,MNDWI,,-0.511,0.261,1000,,,,
hot_2016,points_1000,bivariate,BSI,,0.502,0.252,1000,,,,
hot_2016,points_1000,multivariate,const,37.118,,0.425,1000,3.036134308293585e-212,,0.588,0.001
hot_2016,points_1000,multivariate,NDVI,-45.923,,0.425,1000,1.7248245372691157e-20,17.51,0.588,0.001
hot_2016,points_1000,multivariate,NDBI,-38.601,,0.425,1000,7.72891662974334e-14,13.23,0.588,0.001
hot_2016,points_1000,multivariate,MNDWI,-48.318,,0.425,1000,2.766485346592684e-32,20.21,0.588,0.001
hot_2016,points_1000,multivariate,BSI,3.97,,0.425,1000,0.6746364879522944,30.47,0.588,0.001
hot_2016,all_pixels,bivariate,NDVI,,0.045,0.002,636483,,,,
hot_2016,all_pixels,bivariate,NDBI,,0.391,0.153,636483,,,,
hot_2016,all_pixels,bivariate,MNDWI,,-0.509,0.26,636483,,,,
hot_2016,all_pixels,bivariate,BSI,,0.47,0.221,636483,,,,
hot_2016,all_pixels,multivariate,const,37.271,,0.413,636483,0.0,,,
hot_2016,all_pixels,multivariate,NDVI,-49.414,,0.413,636483,0.0,18.47,,
hot_2016,all_pixels,multivariate,NDBI,-41.386,,0.413,636483,0.0,12.07,,
hot_2016,all_pixels,multivariate,MNDWI,-52.277,,0.413,636483,0.0,21.71,,
hot_2016,all_pixels,multivariate,BSI,-0.364,,0.413,636483,0.33001812749823056,28.06,,
hot_2017,points_1000,bivariate,NDVI,,0.173,0.03,1000,,,,
hot_2017,points_1000,bivariate,NDBI,,0.512,0.262,1000,,,,
hot_2017,points_1000,bivariate,MNDWI,,-0.649,0.421,1000,,,,
hot_2017,points_1000,bivariate,BSI,,0.546,0.298,1000,,,,
hot_2017,points_1000,multivariate,const,38.765,,0.5,1000,4.0413578651302984e-252,,0.447,0.001
hot_2017,points_1000,multivariate,NDVI,-33.348,,0.5,1000,8.881701744211463e-10,28.99,0.447,0.001
hot_2017,points_1000,multivariate,NDBI,-11.808,,0.5,1000,0.013675338420439689,13.88,0.447,0.001
hot_2017,points_1000,multivariate,MNDWI,-43.694,,0.5,1000,6.37672110751207e-22,34.54,0.447,0.001
hot_2017,points_1000,multivariate,BSI,-14.126,,0.5,1000,0.10888437298722844,29.87,0.447,0.001
hot_2017,all_pixels,bivariate,NDVI,,0.2,0.04,636478,,,,
hot_2017,all_pixels,bivariate,NDBI,,0.482,0.233,636478,,,,
hot_2017,all_pixels,bivariate,MNDWI,,-0.628,0.394,636478,,,,
hot_2017,all_pixels,bivariate,BSI,,0.519,0.27,636478,,,,
hot_2017,all_pixels,multivariate,const,38.929,,0.461,636478,0.0,,,
hot_2017,all_pixels,multivariate,NDVI,-30.781,,0.461,636478,0.0,30.9,,
hot_2017,all_pixels,multivariate,NDBI,-11.801,,0.461,636478,0.0,12.36,,
hot_2017,all_pixels,multivariate,MNDWI,-41.085,,0.461,636478,0.0,38.09,,
hot_2017,all_pixels,multivariate,BSI,-12.041,,0.461,636478,3.4216636804681714e-233,30.87,,
hot_2018,points_1000,bivariate,NDVI,,0.199,0.04,1000,,,,
hot_2018,points_1000,bivariate,NDBI,,0.426,0.181,1000,,,,
hot_2018,points_1000,bivariate,MNDWI,,-0.651,0.424,1000,,,,
hot_2018,points_1000,bivariate,BSI,,0.487,0.237,1000,,,,
hot_2018,points_1000,multivariate,const,37.332,,0.53,1000,4.1504224215197897e-293,,0.391,0.001
hot_2018,points_1000,multivariate,NDVI,-52.524,,0.53,1000,1.3738741670680696e-27,32.15,0.391,0.001
hot_2018,points_1000,multivariate,NDBI,-34.458,,0.53,1000,2.9284621661797754e-16,16.02,0.391,0.001
hot_2018,points_1000,multivariate,MNDWI,-57.397,,0.53,1000,5.1513962804231446e-46,37.34,0.391,0.001
hot_2018,points_1000,multivariate,BSI,-22.316,,0.53,1000,0.0034179728580641558,35.24,0.391,0.001
hot_2018,all_pixels,bivariate,NDVI,,0.137,0.019,636329,,,,
hot_2018,all_pixels,bivariate,NDBI,,0.5,0.25,636329,,,,
hot_2018,all_pixels,bivariate,MNDWI,,-0.633,0.4,636329,,,,
hot_2018,all_pixels,bivariate,BSI,,0.545,0.297,636329,,,,
hot_2018,all_pixels,multivariate,const,37.524,,0.533,636329,0.0,,,
hot_2018,all_pixels,multivariate,NDVI,-50.04,,0.533,636329,0.0,33.39,,
hot_2018,all_pixels,multivariate,NDBI,-24.409,,0.533,636329,0.0,13.41,,
hot_2018,all_pixels,multivariate,MNDWI,-53.98,,0.533,636329,0.0,36.68,,
hot_2018,all_pixels,multivariate,BSI,-24.139,,0.533,636329,0.0,28.42,,
hot_2019,points_1000,bivariate,NDVI,,-0.034,0.001,1000,,,,
hot_2019,points_1000,bivariate,NDBI,,0.276,0.076,1000,,,,
hot_2019,points_1000,bivariate,MNDWI,,-0.192,0.037,1000,,,,
hot_2019,points_1000,bivariate,BSI,,0.21,0.044,1000,,,,
hot_2019,points_1000,multivariate,const,51.646,,0.134,1000,4.76069677867361e-249,,0.654,0.001
hot_2019,points_1000,multivariate,NDVI,-21.383,,0.134,1000,0.0001585640268012692,15.15,0.654,0.001
hot_2019,points_1000,multivariate,NDBI,55.824,,0.134,1000,9.117776252541058e-15,12.0,0.654,0.001
hot_2019,points_1000,multivariate,MNDWI,-22.833,,0.134,1000,2.9743870630573056e-06,15.65,0.654,0.001
hot_2019,points_1000,multivariate,BSI,-86.571,,0.134,1000,7.611454615702615e-14,19.6,0.654,0.001
hot_2019,all_pixels,bivariate,NDVI,,-0.036,0.001,636288,,,,
hot_2019,all_pixels,bivariate,NDBI,,0.32,0.102,636288,,,,
hot_2019,all_pixels,bivariate,MNDWI,,-0.214,0.046,636288,,,,
hot_2019,all_pixels,bivariate,BSI,,0.232,0.054,636288,,,,
hot_2019,all_pixels,multivariate,const,51.587,,0.175,636288,0.0,,,
hot_2019,all_pixels,multivariate,NDVI,-24.218,,0.175,636288,0.0,14.14,,
hot_2019,all_pixels,multivariate,NDBI,57.33,,0.175,636288,0.0,9.89,,
hot_2019,all_pixels,multivariate,MNDWI,-24.554,,0.175,636288,0.0,14.88,,
hot_2019,all_pixels,multivariate,BSI,-88.195,,0.175,636288,0.0,14.35,,
hot_2020,points_1000,bivariate,NDVI,,0.063,0.004,1000,,,,
hot_2020,points_1000,bivariate,NDBI,,0.531,0.282,1000,,,,
hot_2020,points_1000,bivariate,MNDWI,,-0.619,0.383,1000,,,,
hot_2020,points_1000,bivariate,BSI,,0.53,0.281,1000,,,,
hot_2020,points_1000,multivariate,const,45.899,,0.523,1000,0.0,,0.432,0.001
hot_2020,points_1000,multivariate,NDVI,-61.182,,0.523,1000,3.8578284303204477e-26,28.93,0.432,0.001
hot_2020,points_1000,multivariate,NDBI,0.371,,0.523,1000,0.9401852373236748,13.64,0.432,0.001
hot_2020,points_1000,multivariate,MNDWI,-69.307,,0.523,1000,1.6725098748063241e-44,28.76,0.432,0.001
hot_2020,points_1000,multivariate,BSI,-64.092,,0.523,1000,2.83115490276919e-15,25.37,0.432,0.001
hot_2020,all_pixels,bivariate,NDVI,,0.166,0.028,636476,,,,
hot_2020,all_pixels,bivariate,NDBI,,0.489,0.24,636476,,,,
hot_2020,all_pixels,bivariate,MNDWI,,-0.645,0.415,636476,,,,
hot_2020,all_pixels,bivariate,BSI,,0.514,0.264,636476,,,,
hot_2020,all_pixels,multivariate,const,42.99,,0.5,636476,0.0,,,
hot_2020,all_pixels,multivariate,NDVI,-44.362,,0.5,636476,0.0,28.67,,
hot_2020,all_pixels,multivariate,NDBI,-13.187,,0.5,636476,0.0,12.05,,
hot_2020,all_pixels,multivariate,MNDWI,-55.987,,0.5,636476,0.0,31.22,,
hot_2020,all_pixels,multivariate,BSI,-27.489,,0.5,636476,0.0,26.97,,
hot_2021,points_1000,bivariate,NDVI,,0.118,0.014,1000,,,,
hot_2021,points_1000,bivariate,NDBI,,0.385,0.148,1000,,,,
hot_2021,points_1000,bivariate,MNDWI,,-0.584,0.341,1000,,,,
hot_2021,points_1000,bivariate,BSI,,0.439,0.193,1000,,,,
hot_2021,points_1000,multivariate,const,39.633,,0.481,1000,4.2531507411632775e-286,,0.397,0.001
hot_2021,points_1000,multivariate,NDVI,-57.052,,0.481,1000,1.1904181165399561e-26,37.89,0.397,0.001
hot_2021,points_1000,multivariate,NDBI,-37.34,,0.481,1000,3.6098541694243994e-17,13.61,0.397,0.001
hot_2021,points_1000,multivariate,MNDWI,-61.464,,0.481,1000,4.609791249837149e-44,31.23,0.397,0.001
hot_2021,points_1000,multivariate,BSI,-21.322,,0.481,1000,0.006149703804354468,28.8,0.397,0.001
hot_2021,all_pixels,bivariate,NDVI,,0.107,0.012,636463,,,,
hot_2021,all_pixels,bivariate,NDBI,,0.413,0.171,636463,,,,
hot_2021,all_pixels,bivariate,MNDWI,,-0.583,0.34,636463,,,,
hot_2021,all_pixels,bivariate,BSI,,0.469,0.22,636463,,,,
hot_2021,all_pixels,multivariate,const,39.433,,0.507,636463,0.0,,,
hot_2021,all_pixels,multivariate,NDVI,-54.19,,0.507,636463,0.0,35.55,,
hot_2021,all_pixels,multivariate,NDBI,-38.087,,0.507,636463,0.0,12.46,,
hot_2021,all_pixels,multivariate,MNDWI,-57.995,,0.507,636463,0.0,30.51,,
hot_2021,all_pixels,multivariate,BSI,-14.955,,0.507,636463,0.0,26.78,,
hot_2022,points_1000,bivariate,NDVI,,0.003,0.0,1000,,,,
hot_2022,points_1000,bivariate,NDBI,,0.514,0.264,1000,,,,
hot_2022,points_1000,bivariate,MNDWI,,-0.521,0.271,1000,,,,
hot_2022,points_1000,bivariate,BSI,,0.549,0.302,1000,,,,
hot_2022,points_1000,multivariate,const,33.234,,0.403,1000,1.742867053306974e-179,,0.591,0.001
hot_2022,points_1000,multivariate,NDVI,-34.452,,0.403,1000,1.3893724071157406e-08,23.97,0.591,0.001
hot_2022,points_1000,multivariate,NDBI,-26.686,,0.403,1000,9.565444372530327e-07,14.21,0.591,0.001
hot_2022,points_1000,multivariate,MNDWI,-39.57,,0.403,1000,1.258925347300317e-15,28.23,0.591,0.001
hot_2022,points_1000,multivariate,BSI,12.004,,0.403,1000,0.19328408671297853,25.05,0.591,0.001
hot_2022,all_pixels,bivariate,NDVI,,0.091,0.008,636483,,,,
hot_2022,all_pixels,bivariate,NDBI,,0.466,0.217,636483,,,,
hot_2022,all_pixels,bivariate,MNDWI,,-0.544,0.296,636483,,,,
hot_2022,all_pixels,bivariate,BSI,,0.514,0.264,636483,,,,
hot_2022,all_pixels,multivariate,const,31.789,,0.396,636483,0.0,,,
hot_2022,all_pixels,multivariate,NDVI,-29.355,,0.396,636483,0.0,23.7,,
hot_2022,all_pixels,multivariate,NDBI,-33.574,,0.396,636483,0.0,14.8,,
hot_2022,all_pixels,multivariate,MNDWI,-37.468,,0.396,636483,0.0,28.15,,
hot_2022,all_pixels,multivariate,BSI,23.852,,0.396,636483,0.0,24.21,,
hot_2023,points_1000,bivariate,NDVI,,-0.017,0.0,1000,,,,
hot_2023,points_1000,bivariate,NDBI,,0.498,0.248,1000,,,,
hot_2023,points_1000,bivariate,MNDWI,,-0.534,0.285,1000,,,,
hot_2023,points_1000,bivariate,BSI,,0.555,0.308,1000,,,,
hot_2023,points_1000,multivariate,const,43.996,,0.497,1000,8.092002122093912e-303,,0.303,0.001
hot_2023,points_1000,multivariate,NDVI,-59.172,,0.497,1000,6.84438493998039e-29,30.08,0.303,0.001
hot_2023,points_1000,multivariate,NDBI,-37.973,,0.497,1000,7.148199633093687e-17,13.47,0.303,0.001
hot_2023,points_1000,multivariate,MNDWI,-59.95,,0.497,1000,5.5367403934437715e-42,30.17,0.303,0.001
hot_2023,points_1000,multivariate,BSI,-13.746,,0.497,1000,0.10073992512712857,31.32,0.303,0.001
hot_2023,all_pixels,bivariate,NDVI,,0.086,0.007,636483,,,,
hot_2023,all_pixels,bivariate,NDBI,,0.457,0.209,636483,,,,
hot_2023,all_pixels,bivariate,MNDWI,,-0.567,0.321,636483,,,,
hot_2023,all_pixels,bivariate,BSI,,0.511,0.261,636483,,,,
hot_2023,all_pixels,multivariate,const,43.453,,0.469,636483,0.0,,,
hot_2023,all_pixels,multivariate,NDVI,-45.291,,0.469,636483,0.0,25.58,,
hot_2023,all_pixels,multivariate,NDBI,-31.056,,0.469,636483,0.0,11.02,,
hot_2023,all_pixels,multivariate,MNDWI,-50.219,,0.469,636483,0.0,26.43,,
hot_2023,all_pixels,multivariate,BSI,-6.822,,0.469,636483,1.0594355994447995e-115,22.88,,
hot_2024,points_1000,bivariate,NDVI,,0.076,0.006,1000,,,,
hot_2024,points_1000,bivariate,NDBI,,0.535,0.286,1000,,,,
hot_2024,points_1000,bivariate,MNDWI,,-0.607,0.369,1000,,,,
hot_2024,points_1000,bivariate,BSI,,0.597,0.356,1000,,,,
hot_2024,points_1000,multivariate,const,43.739,,0.574,1000,1.4176036529591227e-273,,0.356,0.001
hot_2024,points_1000,multivariate,NDVI,-76.689,,0.574,1000,1.7547878540295497e-37,31.53,0.356,0.001
hot_2024,points_1000,multivariate,NDBI,-44.149,,0.574,1000,2.9077255611410586e-20,12.14,0.356,0.001
hot_2024,points_1000,multivariate,MNDWI,-77.269,,0.574,1000,1.4644270420644003e-53,37.81,0.356,0.001
hot_2024,points_1000,multivariate,BSI,-28.345,,0.574,1000,0.002028901588186852,29.84,0.356,0.001
hot_2024,all_pixels,bivariate,NDVI,,0.132,0.017,636483,,,,
hot_2024,all_pixels,bivariate,NDBI,,0.517,0.267,636483,,,,
hot_2024,all_pixels,bivariate,MNDWI,,-0.638,0.407,636483,,,,
hot_2024,all_pixels,bivariate,BSI,,0.576,0.331,636483,,,,
hot_2024,all_pixels,multivariate,const,42.194,,0.562,636483,0.0,,,
hot_2024,all_pixels,multivariate,NDVI,-59.062,,0.562,636483,0.0,30.46,,
hot_2024,all_pixels,multivariate,NDBI,-38.644,,0.562,636483,0.0,11.82,,
hot_2024,all_pixels,multivariate,MNDWI,-64.865,,0.562,636483,0.0,35.05,,
hot_2024,all_pixels,multivariate,BSI,-13.07,,0.562,636483,0.0,26.85,,
hot_2025,points_1000,bivariate,NDVI,,0.084,0.007,1000,,,,
hot_2025,points_1000,bivariate,NDBI,,0.441,0.195,1000,,,,
hot_2025,points_1000,bivariate,MNDWI,,-0.525,0.275,1000,,,,
hot_2025,points_1000,bivariate,BSI,,0.461,0.213,1000,,,,
hot_2025,points_1000,multivariate,const,44.063,,0.442,1000,0.0,,0.321,0.001
hot_2025,points_1000,multivariate,NDVI,-46.986,,0.442,1000,1.9728810881617723e-28,27.98,0.321,0.001
hot_2025,points_1000,multivariate,NDBI,-21.943,,0.442,1000,1.5548438078177966e-13,7.27,0.321,0.001
hot_2025,points_1000,multivariate,MNDWI,-47.931,,0.442,1000,1.2045593829711516e-44,27.09,0.321,0.001
hot_2025,points_1000,multivariate,BSI,-23.648,,0.442,1000,4.154308072612247e-05,16.28,0.321,0.001
hot_2025,all_pixels,bivariate,NDVI,,0.094,0.009,636483,,,,
hot_2025,all_pixels,bivariate,NDBI,,0.368,0.135,636483,,,,
hot_2025,all_pixels,bivariate,MNDWI,,-0.516,0.266,636483,,,,
hot_2025,all_pixels,bivariate,BSI,,0.412,0.17,636483,,,,
hot_2025,all_pixels,multivariate,const,43.915,,0.408,636483,0.0,,,
hot_2025,all_pixels,multivariate,NDVI,-44.782,,0.408,636483,0.0,28.52,,
hot_2025,all_pixels,multivariate,NDBI,-24.259,,0.408,636483,0.0,9.33,,
hot_2025,all_pixels,multivariate,MNDWI,-46.714,,0.408,636483,0.0,24.91,,
hot_2025,all_pixels,multivariate,BSI,-21.021,,0.408,636483,0.0,19.55,,
hot_2026,points_1000,bivariate,NDVI,,0.008,0.0,1000,,,,
hot_2026,points_1000,bivariate,NDBI,,0.538,0.29,1000,,,,
hot_2026,points_1000,bivariate,MNDWI,,-0.58,0.337,1000,,,,
hot_2026,points_1000,bivariate,BSI,,0.562,0.315,1000,,,,
hot_2026,points_1000,multivariate,const,40.307,,0.526,1000,0.0,,0.319,0.001
hot_2026,points_1000,multivariate,NDVI,-44.194,,0.526,1000,1.3665172734996674e-31,28.63,0.319,0.001
hot_2026,points_1000,multivariate,NDBI,-17.009,,0.526,1000,5.96920871968903e-10,10.22,0.319,0.001
hot_2026,points_1000,multivariate,MNDWI,-44.44,,0.526,1000,9.695130169418062e-49,28.42,0.319,0.001
hot_2026,points_1000,multivariate,BSI,-24.115,,0.526,1000,4.840745439334284e-06,23.85,0.319,0.001
hot_2026,all_pixels,bivariate,NDVI,,0.117,0.014,636483,,,,
hot_2026,all_pixels,bivariate,NDBI,,0.497,0.247,636483,,,,
hot_2026,all_pixels,bivariate,MNDWI,,-0.614,0.377,636483,,,,
hot_2026,all_pixels,bivariate,BSI,,0.523,0.273,636483,,,,
hot_2026,all_pixels,multivariate,const,39.554,,0.488,636483,0.0,,,
hot_2026,all_pixels,multivariate,NDVI,-32.926,,0.488,636483,0.0,27.79,,
hot_2026,all_pixels,multivariate,NDBI,-11.747,,0.488,636483,0.0,11.03,,
hot_2026,all_pixels,multivariate,MNDWI,-37.174,,0.488,636483,0.0,29.54,,
hot_2026,all_pixels,multivariate,BSI,-17.839,,0.488,636483,0.0,24.47,,
hot_all,points_1000,bivariate,NDVI,,0.049,0.002,1000,,,,
hot_all,points_1000,bivariate,NDBI,,0.559,0.313,1000,,,,
hot_all,points_1000,bivariate,MNDWI,,-0.598,0.357,1000,,,,
hot_all,points_1000,bivariate,BSI,,0.588,0.346,1000,,,,
hot_all,points_1000,multivariate,const,41.834,,0.525,1000,1.8803024e-316,,0.432,0.001
hot_all,points_1000,multivariate,NDVI,-50.948,,0.525,1000,4.436303059069686e-26,29.56,0.432,0.001
hot_all,points_1000,multivariate,NDBI,-13.572,,0.525,1000,0.0012520797667705768,13.8,0.432,0.001
hot_all,points_1000,multivariate,MNDWI,-52.818,,0.525,1000,6.1343474482439134e-40,33.68,0.432,0.001
hot_all,points_1000,multivariate,BSI,-33.799,,0.525,1000,1.1469422823397092e-05,30.44,0.432,0.001
hot_all,all_pixels,bivariate,NDVI,,0.154,0.024,636483,,,,
hot_all,all_pixels,bivariate,NDBI,,0.484,0.234,636483,,,,
hot_all,all_pixels,bivariate,MNDWI,,-0.616,0.379,636483,,,,
hot_all,all_pixels,bivariate,BSI,,0.531,0.282,636483,,,,
hot_all,all_pixels,multivariate,const,39.737,,0.498,636483,0.0,,,
hot_all,all_pixels,multivariate,NDVI,-41.837,,0.498,636483,0.0,27.39,,
hot_all,all_pixels,multivariate,NDBI,-24.782,,0.498,636483,0.0,13.05,,
hot_all,all_pixels,multivariate,MNDWI,-47.092,,0.498,636483,0.0,31.76,,
hot_all,all_pixels,multivariate,BSI,-12.167,,0.498,636483,0.0,26.51,,
