lst,measure,value
lst_hot_all,mean_c,45.99
lst_hot_all,sd_c,1.9
lst_hot_all,hot_spot_threshold_c,49.78
lst_hot_all,cold_spot_threshold_c,42.19
lst_hot_all,hot_spot_km2,1.73
lst_hot_all,cold_spot_km2,14.29
lst_hot_all,utfvi_zhang_kelvin_none_share,0.4939
lst_hot_all,utfvi_zhang_kelvin_weak_share,0.2754
lst_hot_all,utfvi_zhang_kelvin_middle_share,0.2139
lst_hot_all,utfvi_zhang_kelvin_strong_share,0.0167
lst_hot_all,utfvi_zhang_kelvin_stronger_share,0.0002
lst_hot_all,utfvi_zhang_kelvin_strongest_share,0.0
lst_hot_all,utfvi_anchor_celsius_weak_share,0.0033
lst_hot_all,utfvi_anchor_celsius_normal_share,0.0817
lst_hot_all,utfvi_anchor_celsius_middle_share,0.7302
lst_hot_all,utfvi_anchor_celsius_strong_share,0.1848
lst_hot_all,utfvi_anchor_celsius_stronger_share,0.0
lst_hot_all,utfvi_anchor_celsius_strongest_share,0.0
