lga,ward,people,under5,over65,lst_popweighted,lst_mean,walk_popweighted,people_hottest_decile,top_place
Ungogo,Karo,20918.82,3495.67,455.43,47.91,48.49,30.78,13632.91,Muncika Kudu
Ungogo,Yada Kunya,51646.17,8673.4,1130.01,47.43,47.5,25.05,22516.37,Layin Kasuwa
Kumbotso,Chalawa,39603.72,6579.05,857.15,47.11,46.64,36.22,5302.8,Kusuba Kwari
Ungogo,Rangaza,114696.0,18819.63,2451.9,46.86,47.93,20.58,23075.97,Layin Masallacin Juma'a
Ungogo,Fanisau,48493.71,8109.87,1056.59,46.14,47.86,22.89,6045.89,Kan Fako
Kumbotso,Kureken Sani,78187.11,13120.67,1709.42,46.03,46.29,25.73,290.12,Yan Awaki A
Kumbotso,Unguwar Rimi,44033.55,7114.52,926.91,46.02,46.6,30.12,572.66,Layin Gidan Babba
Ungogo,Ungogo,87199.94,14486.5,1887.36,45.93,47.66,25.49,8396.0,Layin Gidan Maigari
Nassarawa,Tudun Murtala,91429.93,15544.31,2025.18,45.91,45.68,9.84,0.0,Tagarji Gabas Layin Liman Sani
Nassarawa,Gawuna,19325.02,3028.17,394.52,45.86,45.66,6.17,2639.65,Gawuna Layin Kuka
Nassarawa,Gama,46180.64,7594.71,989.47,45.7,45.69,6.23,0.0,Kankare Layin Sani Alaramma
Ungogo,Gayawa,159640.37,26332.57,3430.72,45.65,46.74,21.21,10390.59,Gidan Malamai
Tarauni,Hotoro,80345.99,13016.95,1695.9,45.54,45.47,9.65,0.0,Layin Hassan Mamman
Nassarawa,Dakata,54354.31,9141.7,1191.02,45.52,45.37,10.67,668.78,Dakata B Layin Malam Liman
Nassarawa,Kawaji,133750.35,22221.93,2895.17,45.48,45.72,12.42,3251.78,Dan Yargi Layin Mai Beetle Kusar da Nepa
Dala,Kantudu,9401.54,1488.79,193.97,45.48,45.48,4.15,0.0,Yan Kada
Nassarawa,Hotoro North,186361.44,30927.83,4029.41,45.45,45.74,13.33,223.01,Rauda Keyi Layin Gidan Dawaye
Nassarawa,Gwagwarwa,15096.73,2447.32,318.85,45.44,45.39,5.21,0.0,Layin Mai Unguwa Danfodio
Dala,Kofar Mazugal,26370.23,4428.54,576.97,45.43,45.64,5.74,0.0,Layin Arzai
Ungogo,Zango,174791.45,28820.99,3754.92,45.43,45.39,11.91,0.0,Line Yan Kwamati
Dala,Kabuwaya,8480.14,1322.3,172.28,45.42,45.49,5.11,0.0,Layin Dan Maraya
Nassarawa,Hotoro South,52386.63,8880.54,1156.99,45.38,45.37,7.31,0.0,Layin Mammada
Ungogo,Kadawa,130027.96,21789.05,2838.77,45.38,46.14,15.68,5000.18,Layin Baban Inna
Fagge,Kwachiri,174888.33,28210.34,3675.36,45.37,46.94,11.91,6447.55,Layin Mohammed Sani Fagge
Ungogo,Bachirawa,182621.53,30924.23,4028.94,45.35,47.03,16.74,4471.49,Layin Lauya
Kumbotso,Mariri,154042.89,25559.94,3330.06,45.33,46.16,19.39,933.89,Layin Iliya Ajen
Fagge,Fagge D2,26288.48,4383.72,571.13,45.26,45.51,8.92,0.0,Karamin Layi 2
Nassarawa,Kaura Goje,101522.17,17682.39,2303.74,45.24,44.92,8.52,0.0,Gama E
Dala,Kofar Ruwa,96446.45,15928.03,2075.17,45.22,45.27,9.26,0.0,Layin Alhaji Shehu
Kumbotso,Danbare,112023.16,19268.58,2510.39,45.19,46.12,17.98,2086.15,Unguwar Liman
Tarauni,Unguwa Uku Kauyen Alu,65773.59,11214.27,1461.04,45.17,45.27,8.63,0.0,Kwana Shida Dan Sokoto
Dala,Adakawa,9567.3,1567.71,204.25,45.11,45.13,3.87,0.0,Layin Mai Unguwar Yantandu
Tarauni,Tarauni,33891.64,5693.89,741.82,45.1,45.15,8.3,141.54,Juma'at
Fagge,Sabon Gari West,23820.73,4266.81,555.9,45.1,45.05,5.76,0.0,Festing By New Road
Ungogo,Rijiyar Zaki,127878.64,21494.18,2800.35,45.08,46.24,21.33,4046.36,Layin Gidan Fanfo
Dala,Gobirawa,189941.01,31086.58,4050.09,45.03,45.11,9.6,0.0,Gobirawa Mai Likkafa A
Fagge,Rijiyar Lemo,23146.26,4182.65,544.93,45.03,45.07,6.62,0.0,Layin Transfomer
Dala,Dala,19930.42,3389.42,441.59,44.99,45.86,4.1,289.39,Aikawa Layin Goburawa
Nassarawa,Tudun Wada,31003.21,5166.24,673.08,44.98,44.86,9.79,0.0,Layin Marga
Fagge,Sabon Gari East,38887.41,6249.24,814.18,44.97,44.03,15.55,0.0,Layin Gidan Mai Unguwa
Nassarawa,Giginyu,194563.82,32392.1,4220.18,44.97,44.82,9.75,0.0,Kawo Madora B Layin Koffee
Kano Municipal,Yakasai,26364.07,4359.86,568.02,44.96,44.95,7.54,0.0,Kantudu A
Fagge,Fagge A,13786.68,2341.44,305.05,44.95,45.1,12.54,0.0,Audu Lokos First Bank
Ungogo,Tudun Fulani,254466.14,43357.26,5648.77,44.86,46.1,16.9,1980.83,Filin Maawuya
Kano Municipal,Zaitawa,22902.77,3614.32,470.89,44.84,44.84,6.31,0.0,Layin Kuka Mai Ruwa
Tarauni,Gyadi Gyadi Arewa,6040.55,978.58,127.49,44.82,44.8,3.6,0.0,Unguwar Dogari
Kumbotso,Kumbotso,40920.47,6796.34,885.46,44.76,44.42,19.04,0.0,Lokon Makera
Kano Municipal,Kan Karofi,22765.21,3501.24,456.16,44.75,44.78,7.43,0.0,Kan Karofi Bayan Gidan Mai Unguwa
Dala,Gwammaja,33807.7,5421.27,706.31,44.74,44.74,9.17,0.0,Congo
Tarauni,Unguwar Gano,24229.07,3944.38,513.89,44.73,44.85,9.09,0.0,Abdullahi Dan Zaki
Kumbotso,Panshekara,107074.79,17961.72,2340.13,44.66,44.53,19.82,0.0,Rimi Uku
Fagge,Yammata,49595.91,8843.39,1152.15,44.65,44.69,8.31,0.0,Layin Hajiya Lilo
Fagge,Fagge B,6327.51,1057.9,137.83,44.59,44.61,5.22,0.0,Layin Gidan Su Barmo
Kano Municipal,Tudun Nufawa,19183.17,3379.69,440.32,44.59,44.62,5.72,0.0,Tudun Nufawa B
Tarauni,Unguwa Uku Cikin Gari,30922.4,5150.99,671.09,44.59,44.37,6.51,0.0,Izala
Kano Municipal,Zango,25776.64,4035.39,525.75,44.58,44.6,7.9,0.0,Zage B
Kano Municipal,Jakara,6479.77,1070.28,139.44,44.56,44.56,4.73,0.0,Yandoya
Dala,Madigawa,15148.54,2220.66,289.32,44.56,44.56,5.34,0.0,Layin Malam Mudi Salga
Kano Municipal,Shahuchi,19154.63,3776.26,491.99,44.55,44.56,5.6,0.0,Kurna
Kano Municipal,Dan Agundi,10813.86,1692.23,220.47,44.53,44.52,8.35,0.0,Filin Iraqi A
Kano Municipal,Tudun Wazurchi,25970.69,4683.69,610.21,44.53,44.56,5.16,0.0,Kabara Layin Mai Unguwa
Kano Municipal,She She,12644.25,1972.74,257.02,44.53,44.53,5.76,0.0,Daneji B
Gwale,Diso,9937.33,1712.15,223.07,44.53,44.53,5.43,0.0,Lokon Madakin Dogarai
Gwale,Galadanchi,11223.2,1970.53,256.73,44.44,44.47,4.95,0.0,Layin Hamza Waya
Gwale,Gyaranya,7073.35,1011.88,131.83,44.41,44.41,3.39,0.0,Lungun Shirawa
Fagge,Fagge D1,4759.93,747.17,97.34,44.4,44.4,4.06,0.0,Layin Shehu Kato
Dala,Dogon Nama,18180.7,3293.51,429.09,44.39,44.44,5.26,0.0,Yandaka
Kano Municipal,Chedi,11011.33,1585.48,206.56,44.38,44.37,4.88,0.0,Gabari
Gwale,Mandawari,11156.95,2000.23,260.6,44.37,44.37,3.92,0.0,Layin Danladi Mai Zare
Kumbotso,Garun Gawa,116415.23,19708.04,2567.65,44.34,45.04,15.24,0.0,Gaida Tsakuwa
Dala,Bakin Ruwa,10543.03,1759.88,229.28,44.34,44.34,4.07,0.0,Kwar Galla
Gwale,Kabuga,168187.28,28085.68,3659.12,44.28,44.81,11.1,0.0,Dandinshe Yamma B
Gwale,Dorayi,362513.23,60326.66,7859.61,44.27,44.07,11.49,0.0,Yankifi
Gwale,Gwale,19852.51,3053.52,397.83,44.26,44.17,5.07,0.0,Lokon Dumau
Gwale,Goron Dutse,23127.86,3746.7,488.14,44.24,44.44,6.47,0.0,Layin Gidan Atiku
Gwale,Dandago,10829.89,1558.95,203.11,44.19,44.19,4.12,0.0,Makasa
Tarauni,Gyadi Gyadi Kudu,12615.82,1977.27,257.61,44.12,44.08,5.99,0.0,Uba Dan Aljanna
Tarauni,Darmanawa,88462.39,14534.33,1893.59,44.12,44.24,10.01,0.0,Layin Gidan Hassan Mayya
Dala,Yalwa,14857.5,2885.6,375.95,44.12,44.26,5.15,0.0,Lungun Daiba
Tarauni,Babban Giji,31715.77,5695.05,741.98,44.04,44.02,5.63,0.0,Danfulani Yamma
Kumbotso,Chiranchi,178551.62,29602.28,3856.71,44.01,44.12,14.71,0.0,Filin Tsamiya
Kano Municipal,Sharada,59441.37,9981.35,1300.41,43.95,44.13,11.5,0.0,Fegi 1
Gwale,Sani Mai Nagge,36835.4,6554.02,853.89,43.91,43.87,5.24,0.0,Layin Gidan Mai Unguwa
Kano Municipal,Gandu Albasa,67024.21,11074.06,1442.78,43.88,43.74,11.64,0.0,Gandun Albasa
Kumbotso,Naibawa,162616.78,27634.92,3600.39,43.86,44.24,15.5,0.0,Naibawa Tsakiya
Kumbotso,Dan Maliki,264514.57,43901.44,5719.66,43.85,43.98,11.24,0.0,Gidan Leda
Fagge,Fagge C,9060.37,1549.08,201.82,43.84,43.74,8.5,0.0,Lungun Kududufi
Tarauni,Daurawa,17023.59,2808.46,365.9,43.78,43.78,7.86,0.0,Layin Barwa
